{
  "requested": {
    "duration": 30, 
    "rate": 1.15, 
    "temp": "absolute"
  }, 
  "bg": 192, 
  "temp": "absolute", 
  "snoozeBG": 145, 
  "timestamp": "2016-06-11T22:47:16.057967", 
  "predBGs": {
    "COB": [
      192, 
      195, 
      197, 
      198, 
      199, 
      199, 
      199, 
      198, 
      196, 
      193, 
      190, 
      186, 
      182, 
      178, 
      175, 
      171, 
      167, 
      163, 
      159, 
      156, 
      153, 
      150, 
      147, 
      145, 
      143, 
      141, 
      140, 
      139, 
      139, 
      139, 
      139, 
      139, 
      139, 
      140, 
      141, 
      141, 
      142
    ], 
    "aCOB": [
      192, 
      200, 
      206, 
      212, 
      217, 
      221, 
      223, 
      225, 
      225, 
      225, 
      224, 
      221, 
      219, 
      215, 
      212, 
      208, 
      204, 
      200, 
      195, 
      190, 
      185, 
      180, 
      175, 
      170, 
      166, 
      162, 
      159, 
      156, 
      154, 
      152, 
      150, 
      149, 
      148, 
      147, 
      146, 
      145
    ], 
    "IOB": [
      192, 
      194, 
      196, 
      197, 
      196, 
      195, 
      193, 
      189, 
      185, 
      180, 
      174, 
      167, 
      160, 
      152, 
      145, 
      138, 
      131, 
      124, 
      118, 
      111, 
      105, 
      100, 
      95, 
      90, 
      86, 
      82, 
      79, 
      76, 
      74, 
      72, 
      70, 
      68, 
      67, 
      66, 
      66, 
      65
    ]
  }, 
  "rate": 1.95, 
  "reason": "COB: 20, Dev: 28, BGI: -2.04, ISF: 88.9, Target: 121; Eventual BG 142>=121, 27m@1.270 = 0.572 > req 0.23622047244094488+0.1U", 
  "COB": 20, 
  "eventualBG": 142, 
  "recieved": false, 
  "duration": 27, 
  "tick": "+4", 
  "IOB": 1.159
}