{
  "bg": 131, 
  "temp": "absolute", 
  "snoozeBG": 122, 
  "recieved": true, 
  "predBGs": {
    "IOB": [
      131, 
      132, 
      132, 
      132, 
      132, 
      132, 
      132, 
      131, 
      131, 
      130, 
      129, 
      127, 
      126, 
      124, 
      122, 
      120, 
      119, 
      117, 
      115, 
      113, 
      112, 
      110, 
      109, 
      108, 
      106, 
      105, 
      104, 
      103, 
      102, 
      102, 
      101, 
      100, 
      100, 
      99, 
      99, 
      99, 
      98
    ]
  }, 
  "rate": 0.925, 
  "reason": "COB: 0, Dev: 10, BGI: -0.94, ISF: 72.1, Target: 110; Eventual BG 122>=110, 25m@0.710 = 0.296 > req 0.1664355062413315+0.1U", 
  "COB": 0, 
  "eventualBG": 122, 
  "timestamp": "2016-06-09T09:54:10.227134", 
  "duration": 30, 
  "tick": "+1", 
  "IOB": 0.265
}