{
  "bg": 83, 
  "temp": "absolute", 
  "snoozeBG": 99, 
  "recieved": true, 
  "predBGs": {
    "aCOB": [
      83, 
      91, 
      99, 
      107, 
      116, 
      125, 
      133, 
      142, 
      151, 
      160, 
      168, 
      177, 
      185, 
      193, 
      200, 
      208, 
      215, 
      221, 
      228, 
      234, 
      240, 
      245, 
      250, 
      255, 
      259, 
      263, 
      267, 
      270, 
      273, 
      276, 
      278, 
      280, 
      281, 
      283, 
      284, 
      284, 
      285
    ], 
    "IOB": [
      83, 
      81, 
      80, 
      79, 
      79, 
      79, 
      79, 
      80, 
      81, 
      82, 
      83, 
      85, 
      86, 
      87, 
      89, 
      90, 
      92, 
      93, 
      94, 
      95, 
      97, 
      98, 
      99, 
      99, 
      100, 
      101, 
      102, 
      102, 
      103, 
      103, 
      104, 
      104, 
      105
    ]
  }, 
  "rate": 0.8, 
  "reason": "COB: 48, Dev: -1, BGI: -0.8, ISF: 61.5, Target: 102; Eventual BG 99<102, 19m@-0.980 = -0.310 < req -0.0975609756097561-0.2U", 
  "eventualBG": 99, 
  "timestamp": "2016-06-03T22:54:02.175227", 
  "duration": 30, 
  "tick": -2
}