{
  "bg": 162, 
  "temp": "absolute", 
  "snoozeBG": 114, 
  "recieved": true, 
  "predBGs": {
    "IOB": [
      162, 
      162, 
      161, 
      160, 
      159, 
      158, 
      156, 
      153, 
      151, 
      148, 
      144, 
      141, 
      137, 
      133, 
      129, 
      125, 
      122, 
      119, 
      116, 
      113, 
      111, 
      109, 
      107, 
      105, 
      103, 
      101, 
      100, 
      98, 
      97, 
      96, 
      96, 
      95, 
      95, 
      94
    ]
  }, 
  "rate": 0.575, 
  "reason": "COB: 0, Dev: 22, BGI: -3.7, ISF: 74.1, Target: 111; Eventual BG 114>=111, 11m@1.010 = 0.185 > req 0.04048582995951417+0.1U", 
  "COB": 0, 
  "eventualBG": 114, 
  "timestamp": "2016-06-06T11:38:50.865366", 
  "duration": 30, 
  "tick": "+0", 
  "IOB": 0.947
}