{
  "bg": 146, 
  "temp": "absolute", 
  "snoozeBG": 162, 
  "recieved": true, 
  "predBGs": {
    "COB": [
      146, 
      147, 
      149, 
      150, 
      151, 
      151, 
      152, 
      152, 
      151, 
      150, 
      149, 
      147, 
      144, 
      143, 
      141, 
      139, 
      137, 
      135, 
      133, 
      131, 
      128, 
      126, 
      124, 
      122, 
      120, 
      118, 
      116, 
      114, 
      112, 
      111, 
      109, 
      108, 
      107, 
      106, 
      106, 
      105, 
      104
    ], 
    "aCOB": [
      146, 
      149, 
      152, 
      154, 
      156, 
      156, 
      156, 
      155, 
      153, 
      150, 
      148, 
      145, 
      143, 
      141, 
      139, 
      138, 
      136, 
      134, 
      132, 
      129, 
      127, 
      125, 
      122, 
      120, 
      118, 
      116, 
      114, 
      113, 
      111, 
      110, 
      108, 
      107, 
      106, 
      105, 
      104, 
      104, 
      103
    ], 
    "IOB": [
      146, 
      147, 
      149, 
      150, 
      151, 
      152, 
      152, 
      152, 
      152, 
      151, 
      150, 
      149, 
      146, 
      145, 
      143, 
      141, 
      139, 
      137, 
      135, 
      133, 
      130, 
      128, 
      126, 
      124, 
      122, 
      120, 
      118, 
      116, 
      114, 
      113, 
      111, 
      110, 
      109, 
      108, 
      108, 
      107, 
      106
    ]
  }, 
  "rate": 1.175, 
  "reason": "COB: 8, Dev: 44, BGI: -5.38, ISF: 95.2, Target: 125; Eventual BG 162>=125, 28m@1.130 = 0.527 > req 0.38865546218487396+0.1U", 
  "COB": 8, 
  "eventualBG": 162, 
  "timestamp": "2016-06-10T16:14:15.181365", 
  "duration": 30, 
  "tick": "+2", 
  "IOB": 0.294
}