{
  "requested": {
    "duration": 30, 
    "rate": 0.65, 
    "temp": "absolute"
  }, 
  "bg": 111, 
  "temp": "absolute", 
  "snoozeBG": 109, 
  "timestamp": "2016-06-09T15:28:04.976866", 
  "predBGs": {
    "COB": [
      111, 
      112, 
      113, 
      114, 
      115, 
      116, 
      116, 
      117, 
      117, 
      117, 
      117, 
      117, 
      116, 
      115, 
      114, 
      113, 
      112, 
      111, 
      109, 
      108, 
      107, 
      105, 
      104, 
      103, 
      102, 
      101, 
      100, 
      99, 
      98, 
      97, 
      97, 
      96, 
      96, 
      95
    ], 
    "aCOB": [
      111, 
      117, 
      120, 
      120, 
      121, 
      122, 
      122, 
      122, 
      122, 
      122, 
      122, 
      121, 
      121, 
      120, 
      119, 
      117, 
      116, 
      114, 
      113, 
      111, 
      110, 
      109, 
      107, 
      106, 
      105, 
      103, 
      102, 
      101, 
      100, 
      99, 
      98, 
      98, 
      97, 
      97, 
      96
    ], 
    "IOB": [
      111, 
      112, 
      113, 
      114, 
      115, 
      115, 
      116, 
      116, 
      116, 
      116, 
      116, 
      116, 
      115, 
      114, 
      113, 
      111, 
      110, 
      109, 
      107, 
      106, 
      104, 
      103, 
      101, 
      100, 
      99, 
      97, 
      96, 
      95, 
      94, 
      93, 
      92, 
      92, 
      91, 
      91, 
      90
    ]
  }, 
  "rate": 1.375, 
  "reason": "COB: 3, Dev: 1, BGI: 0.83, ISF: 69, Target: 107; Eventual BG 109>=107, 22m@0.795 = 0.292 > req 0.028985507246376812+0.1U", 
  "COB": 3, 
  "eventualBG": 109, 
  "recieved": false, 
  "duration": 21, 
  "tick": "+1", 
  "IOB": 0.037
}