{
  "bg": 148, 
  "temp": "absolute", 
  "snoozeBG": 152, 
  "recieved": true, 
  "predBGs": {
    "COB": [
      148, 
      150, 
      151, 
      151, 
      151, 
      149, 
      146, 
      143, 
      140, 
      137, 
      134, 
      131, 
      128, 
      125, 
      122, 
      119, 
      116, 
      113, 
      111, 
      108, 
      106, 
      104, 
      103, 
      101, 
      99, 
      98, 
      96, 
      95, 
      94, 
      92, 
      91, 
      90, 
      90, 
      89, 
      88
    ], 
    "aCOB": [
      148, 
      152, 
      154, 
      154, 
      152, 
      148, 
      145, 
      142, 
      139, 
      136, 
      132, 
      129, 
      126, 
      124, 
      121, 
      118, 
      115, 
      112, 
      109, 
      107, 
      105, 
      103, 
      101, 
      100, 
      98, 
      96, 
      95, 
      94, 
      92, 
      91, 
      90, 
      89, 
      88, 
      88, 
      87, 
      87, 
      86
    ], 
    "IOB": [
      148, 
      150, 
      152, 
      154, 
      155, 
      156, 
      156, 
      156, 
      155, 
      154, 
      152, 
      150, 
      147, 
      144, 
      141, 
      138, 
      135, 
      132, 
      130, 
      127, 
      125, 
      123, 
      122, 
      120, 
      118, 
      117, 
      115, 
      114, 
      113, 
      111, 
      110, 
      109, 
      109, 
      108, 
      107
    ]
  }, 
  "rate": 0.675, 
  "reason": "COB: 4, Dev: 43, BGI: -4.22, ISF: 108.1, Target: 134; Eventual BG 152>=134, 24m@0.980 = 0.392 > req 0.16651248843663274+0.1U", 
  "COB": 4, 
  "eventualBG": 152, 
  "timestamp": "2016-06-10T13:41:55.709540", 
  "duration": 30, 
  "tick": "+3", 
  "IOB": 0.363
}