{
  "bg": 122, 
  "temp": "absolute", 
  "snoozeBG": 142, 
  "recieved": true, 
  "predBGs": {
    "IOB": [
      122, 
      127, 
      132, 
      135, 
      139, 
      141, 
      143, 
      144, 
      144, 
      144, 
      143, 
      141, 
      138, 
      136, 
      133, 
      131, 
      129, 
      127, 
      126, 
      124, 
      123, 
      122, 
      122, 
      122, 
      121, 
      121, 
      120, 
      120, 
      120, 
      119, 
      119, 
      118, 
      118, 
      118, 
      117
    ]
  }, 
  "rate": 0.65, 
  "reason": "COB: 0, Dev: 64, BGI: -4.67, ISF: 102.6, Target: 131; Eventual BG 142>=131, 25m@0.550 = 0.229 > req 0.10721247563352827+0.1U", 
  "COB": 0, 
  "eventualBG": 142, 
  "timestamp": "2016-06-10T09:40:14.250465", 
  "duration": 30, 
  "tick": "+6", 
  "IOB": 0.428
}