{
  "bg": 152, 
  "temp": "absolute", 
  "snoozeBG": 148, 
  "recieved": true, 
  "predBGs": {
    "COB": [
      152, 
      155, 
      155, 
      153, 
      149, 
      145, 
      141, 
      138, 
      134, 
      130, 
      126, 
      122, 
      118, 
      114, 
      110, 
      106, 
      101, 
      97, 
      93, 
      89, 
      86, 
      82, 
      79, 
      76, 
      74, 
      71, 
      69, 
      67, 
      65, 
      63, 
      62, 
      61, 
      59, 
      58, 
      58, 
      57, 
      56
    ], 
    "aCOB": [
      152, 
      155, 
      155, 
      152, 
      148, 
      145, 
      141, 
      137, 
      133, 
      130, 
      126, 
      122, 
      118, 
      114, 
      109, 
      105, 
      101, 
      97, 
      93, 
      89, 
      85, 
      82, 
      79, 
      76, 
      73, 
      71, 
      69, 
      67, 
      65, 
      63, 
      61, 
      60, 
      59, 
      58, 
      57, 
      56
    ], 
    "IOB": [
      152, 
      156, 
      160, 
      162, 
      164, 
      166, 
      166, 
      166, 
      166, 
      164, 
      162, 
      158, 
      154, 
      150, 
      146, 
      142, 
      138, 
      133, 
      129, 
      125, 
      122, 
      118, 
      115, 
      113, 
      110, 
      108, 
      105, 
      103, 
      101, 
      100, 
      98, 
      97, 
      95, 
      94, 
      94, 
      93, 
      92
    ]
  }, 
  "rate": 1.55, 
  "reason": "COB: 4, Dev: 53, BGI: -3.78, ISF: 74.1, Target: 111; Eventual BG 148>=111, 27m@1.460 = 0.657 > req 0.4993252361673415+0.1U", 
  "COB": 4, 
  "eventualBG": 148, 
  "timestamp": "2016-06-06T11:18:16.906349", 
  "duration": 30, 
  "tick": "+5", 
  "IOB": 0.766
}