{
  "bg": 156, 
  "temp": "absolute", 
  "snoozeBG": 181, 
  "recieved": true, 
  "predBGs": {
    "IOB": [
      156, 
      162, 
      168, 
      173, 
      177, 
      180, 
      182, 
      183, 
      183, 
      182, 
      180, 
      177, 
      174, 
      170, 
      167, 
      163, 
      159, 
      155, 
      151, 
      147, 
      143, 
      139, 
      136, 
      133, 
      130, 
      127, 
      125, 
      122, 
      120, 
      119, 
      117, 
      116, 
      115, 
      114, 
      113, 
      113, 
      112
    ]
  }, 
  "rate": 0.9, 
  "reason": "COB: 0, Dev: 38, BGI: 0.71, ISF: 109.6, Target: 135; Eventual BG 163>=135, 30m@1.005 = 0.502 > req 0.25547445255474455+0.1U", 
  "COB": 0, 
  "eventualBG": 163, 
  "timestamp": "2016-06-12T02:34:55.031627", 
  "duration": 30, 
  "tick": "+10", 
  "IOB": 0.281
}