{
  "bg": 106, 
  "temp": "absolute", 
  "snoozeBG": 135, 
  "recieved": true, 
  "predBGs": {
    "COB": [
      106, 
      110, 
      113, 
      116, 
      119, 
      122, 
      124, 
      126, 
      127, 
      127, 
      128, 
      127, 
      126, 
      125, 
      124, 
      122, 
      120, 
      118, 
      116, 
      114, 
      112, 
      110, 
      108, 
      106, 
      104, 
      102, 
      100, 
      98, 
      97, 
      96, 
      94, 
      93, 
      92, 
      91, 
      90, 
      90, 
      89
    ], 
    "aCOB": [
      106, 
      114, 
      120, 
      123, 
      123, 
      124, 
      125, 
      125, 
      125, 
      125, 
      125, 
      124, 
      123, 
      122, 
      121, 
      119, 
      117, 
      115, 
      113, 
      111, 
      109, 
      107, 
      104, 
      102, 
      101, 
      99, 
      97, 
      95, 
      94, 
      92, 
      91, 
      90, 
      89, 
      88, 
      87, 
      87, 
      86
    ], 
    "IOB": [
      106, 
      110, 
      113, 
      117, 
      119, 
      122, 
      124, 
      126, 
      127, 
      128, 
      128, 
      128, 
      127, 
      126, 
      125, 
      123, 
      121, 
      119, 
      117, 
      115, 
      113, 
      110, 
      108, 
      106, 
      104, 
      103, 
      101, 
      99, 
      98, 
      96, 
      95, 
      94, 
      93, 
      92, 
      91, 
      90
    ]
  }, 
  "rate": 1.375, 
  "reason": "COB: 5, Dev: 20, BGI: 0.72, ISF: 69, Target: 107; Eventual BG 135>=107, 28m@1.270 = 0.593 > req 0.4057971014492754+0.1U", 
  "COB": 5, 
  "eventualBG": 135, 
  "timestamp": "2016-06-09T15:18:14.721041", 
  "duration": 30, 
  "tick": "+4", 
  "IOB": -0.133
}