{
  "requested": {
    "duration": 30, 
    "rate": 1.7, 
    "temp": "absolute"
  }, 
  "bg": 124, 
  "temp": "absolute", 
  "snoozeBG": 135, 
  "timestamp": "2016-06-10T20:51:22.341925", 
  "predBGs": {
    "COB": [
      124, 
      128, 
      132, 
      136, 
      139, 
      142, 
      144, 
      145, 
      146, 
      147, 
      147, 
      146, 
      146, 
      144, 
      143, 
      141, 
      140, 
      138, 
      137, 
      136, 
      135, 
      135, 
      135, 
      135, 
      135, 
      136, 
      137, 
      138, 
      140, 
      141, 
      143, 
      146, 
      148, 
      151, 
      154, 
      158, 
      161
    ], 
    "aCOB": [
      124, 
      128, 
      132, 
      136, 
      140, 
      142, 
      145, 
      147, 
      148, 
      148, 
      149, 
      148, 
      147, 
      146, 
      145, 
      143, 
      142, 
      140, 
      139, 
      138, 
      137, 
      137, 
      137, 
      137, 
      138, 
      139, 
      140, 
      141, 
      142, 
      144, 
      146, 
      149, 
      151, 
      154, 
      157, 
      160, 
      163
    ], 
    "IOB": [
      124, 
      128, 
      130, 
      132, 
      132, 
      132, 
      130, 
      127, 
      123, 
      118, 
      111, 
      104, 
      95, 
      86, 
      77, 
      68, 
      60, 
      51, 
      43, 
      39
    ]
  }, 
  "rate": 2.025, 
  "reason": "COB: 49, Dev: 59, BGI: -5.44, ISF: 93, Target: 83; Eventual BG 161>=83, 28m@1.425 = 0.665 > req 0.5591397849462365+0.1U", 
  "COB": 49, 
  "eventualBG": 161, 
  "recieved": false, 
  "duration": 27, 
  "tick": "+11", 
  "IOB": 1.544
}