{
  "bg": 116, 
  "temp": "absolute", 
  "snoozeBG": 107, 
  "recieved": true, 
  "predBGs": {
    "COB": [
      116, 
      116, 
      116, 
      116, 
      116, 
      116, 
      115, 
      115, 
      114, 
      114, 
      113, 
      112, 
      111, 
      110, 
      109, 
      109, 
      108, 
      107, 
      107, 
      107, 
      107, 
      107, 
      107, 
      108, 
      108, 
      109, 
      110, 
      110, 
      111, 
      112, 
      113, 
      114, 
      116, 
      117, 
      118, 
      120, 
      121
    ], 
    "aCOB": [
      116, 
      123, 
      129, 
      135, 
      140, 
      145, 
      149, 
      153, 
      156, 
      158, 
      160, 
      162, 
      163, 
      163, 
      163, 
      163, 
      162, 
      161, 
      160, 
      159, 
      157, 
      155, 
      154, 
      152, 
      151, 
      149, 
      148, 
      147, 
      146, 
      146, 
      145, 
      145, 
      144
    ], 
    "IOB": [
      116, 
      116, 
      115, 
      115, 
      114, 
      113, 
      111, 
      109, 
      107, 
      105, 
      102, 
      99, 
      96, 
      93, 
      90, 
      87, 
      84, 
      81, 
      79, 
      76, 
      74, 
      72, 
      71, 
      69, 
      68, 
      67, 
      66, 
      65, 
      64, 
      63, 
      62, 
      62, 
      61
    ]
  }, 
  "rate": 0.675, 
  "reason": "COB: 29, Dev: 17, BGI: -2.82, ISF: 64, Target: 104; Eventual BG 121>=104, 8m@1.120 = 0.149 > req 0.046875+0.1U", 
  "COB": 29, 
  "eventualBG": 121, 
  "timestamp": "2016-06-07T14:48:50.559634", 
  "duration": 30, 
  "tick": "+0", 
  "IOB": 0.909
}