{
  "bg": 157, 
  "temp": "absolute", 
  "snoozeBG": 125, 
  "recieved": true, 
  "predBGs": {
    "COB": [
      157, 
      159, 
      161, 
      163, 
      164, 
      164, 
      164, 
      163, 
      163, 
      162, 
      162, 
      161, 
      160, 
      159, 
      158, 
      156, 
      154, 
      152, 
      150, 
      148, 
      146, 
      144, 
      142, 
      140, 
      138, 
      136, 
      134, 
      133, 
      131, 
      130, 
      129, 
      128, 
      127, 
      126, 
      126, 
      125
    ], 
    "aCOB": [
      157, 
      161, 
      164, 
      167, 
      168, 
      170, 
      170, 
      170, 
      171, 
      170, 
      170, 
      169, 
      169, 
      167, 
      166, 
      164, 
      161, 
      159, 
      156, 
      153, 
      150, 
      147, 
      144, 
      141, 
      138, 
      136, 
      134, 
      132, 
      131, 
      129, 
      128, 
      127, 
      126, 
      125, 
      125, 
      124
    ], 
    "IOB": [
      157, 
      159, 
      160, 
      160, 
      160, 
      158, 
      156, 
      153, 
      149, 
      145, 
      140, 
      135, 
      130, 
      124, 
      119, 
      114, 
      108, 
      103, 
      99, 
      94, 
      90, 
      86, 
      82, 
      79, 
      77, 
      74, 
      72, 
      71, 
      69, 
      68, 
      67, 
      66, 
      65, 
      64, 
      63
    ]
  }, 
  "rate": 1.05, 
  "reason": "COB: 29, Dev: 51, BGI: -5.79, ISF: 70.2, Target: 108; Eventual BG 125>=108, 28m@1.130 = 0.527 > req 0.24216524216524216+0.1U", 
  "COB": 29, 
  "eventualBG": 125, 
  "timestamp": "2016-06-09T12:28:00.752357", 
  "duration": 30, 
  "tick": "+6", 
  "IOB": 1.39
}