{
  "bg": 90, 
  "temp": "absolute", 
  "snoozeBG": 111, 
  "recieved": true, 
  "predBGs": {
    "IOB": [
      90, 
      93, 
      95, 
      97, 
      100, 
      101, 
      103, 
      104, 
      105, 
      106, 
      106, 
      106, 
      105, 
      104, 
      103, 
      102, 
      100, 
      99, 
      97, 
      96, 
      94, 
      93, 
      91, 
      90, 
      89, 
      87, 
      86, 
      85, 
      84, 
      83, 
      82, 
      81, 
      81, 
      80, 
      80, 
      79
    ]
  }, 
  "rate": 0.85, 
  "reason": "COB: 0, Dev: 24, BGI: -1.02, ISF: 64, Target: 104; Eventual BG 111>=104, 26m@0.995 = 0.431 > req 0.109375+0.1U", 
  "COB": 0, 
  "eventualBG": 111, 
  "timestamp": "2016-06-07T16:55:25.725185", 
  "duration": 30, 
  "tick": "+3", 
  "IOB": 0.053
}