{
  "bg": 167, 
  "temp": "absolute", 
  "snoozeBG": 127, 
  "recieved": true, 
  "predBGs": {
    "COB": [
      167, 
      169, 
      170, 
      170, 
      170, 
      170, 
      170, 
      169, 
      169, 
      168, 
      167, 
      166, 
      165, 
      163, 
      162, 
      160, 
      158, 
      155, 
      153, 
      151, 
      149, 
      146, 
      144, 
      142, 
      140, 
      138, 
      136, 
      135, 
      133, 
      132, 
      131, 
      130, 
      129, 
      128, 
      127
    ], 
    "aCOB": [
      167, 
      170, 
      173, 
      175, 
      176, 
      177, 
      177, 
      177, 
      178, 
      177, 
      177, 
      176, 
      174, 
      172, 
      170, 
      168, 
      165, 
      162, 
      159, 
      155, 
      151, 
      148, 
      145, 
      142, 
      139, 
      137, 
      135, 
      134, 
      132, 
      131, 
      130, 
      129, 
      128, 
      127, 
      127, 
      126
    ], 
    "IOB": [
      167, 
      168, 
      169, 
      168, 
      167, 
      165, 
      162, 
      159, 
      156, 
      152, 
      148, 
      142, 
      137, 
      131, 
      126, 
      120, 
      115, 
      110, 
      106, 
      101, 
      97, 
      94, 
      90, 
      88, 
      85, 
      83, 
      81, 
      80, 
      78, 
      77, 
      76, 
      75, 
      74, 
      73, 
      72
    ]
  }, 
  "rate": 1.05, 
  "reason": "COB: 26, Dev: 49, BGI: -6.24, ISF: 72.1, Target: 110; Eventual BG 127>=110, 27m@1.065 = 0.479 > req 0.23578363384188628+0.1U", 
  "COB": 26, 
  "eventualBG": 127, 
  "timestamp": "2016-06-09T12:38:47.888348", 
  "duration": 30, 
  "tick": "+2", 
  "IOB": 1.366
}